strain,cell_type,cell_abundance,n_significant,n_total,response_rate,mean_flux_change,contribution_score,contribution_percent
C57BL6J,LECs,0.39949172503564123,33,3726,0.008856682769726247,0.13827022927017746,0.0004892237814286512,53.59487828109539
C57BL6J,qHSCs,0.037903675695778835,50,3726,0.013419216317767043,0.10701790974193338,5.443333527238827e-05,5.963217834256437
C57BL6J,Cholangiocytes,0.044969937395400734,43,3726,0.011540526033279656,0.09246150953252559,4.798537216638828e-05,5.256838032322253
C57BL6J,Neutrophiles,0.032913903179817766,45,3726,0.012077294685990338,0.09679052167206312,3.847528815263694e-05,4.215000299758289
C57BL6J,"Cx3cr1+, Ccr2+ MdM",0.05113742019463212,24,3726,0.00644122383252818,0.10379273290806018,3.41880360442428e-05,3.7453282117850595
C57BL6J,Dendrites,0.045465815409409284,22,3726,0.005904455179817499,0.1179622953276958,3.166708072519144e-05,3.469155428274652
C57BL6J,aHSCs,0.02597161098369801,45,3726,0.012077294685990338,0.09053286555158056,2.839715417083436e-05,3.1109322136199733
C57BL6J,"Cd207+, Trem2+ Mo-KC",0.022097563999256182,37,3726,0.009930220075147612,0.1197230174376365,2.627126153527986e-05,2.878038880617033
C57BL6J,Timd4+ resKC,0.03898840885142255,25,3726,0.0067096081588835215,0.08627783467706136,2.2570018070348304e-05,2.4725645342710214
C57BL6J,Hepatocytes,0.09387590652699436,11,3726,0.0029522275899087494,0.07980761924009863,2.2118126313252823e-05,2.4230594107730647
C57BL6J,"Ly6c2+, Ccr2+ Mo",0.03176718527242298,27,3726,0.007246376811594203,0.06807522238637514,1.567071160876359e-05,1.7167396866873705
C57BL6J,Transitioning Mo,0.011498171449823343,39,3726,0.010466988727858293,0.1129462522591034,1.359322049128195e-05,1.4891487808521362
C57BL6J,"Cd207-, Trem2+ Mo-KC",0.02026901382259964,22,3726,0.005904455179817499,0.10987511120742709,1.3149576825578709e-05,1.440547242729624
C57BL6J,"Trem2+, Spp1+ MdM",0.014380462406248063,32,3726,0.008588298443370907,0.10425695015587459,1.2876119397158413e-05,1.4105897505806357
C57BL6J,"Ly6c2-, Spn+ Mo",0.015682142193020516,16,3726,0.0042941492216854536,0.16225818979737933,1.0926703185763234e-05,1.1970295588339963
C57BL6J,B cells,0.040476042893448215,14,3726,0.003757380568974772,0.06984884368864892,1.062288435448019e-05,1.1637459493688784
C57BL6J,T cells,0.03663298828488192,13,3726,0.003488996242619431,0.08076843675800552,1.0323204392934822e-05,1.1309157565777506
C57BL6J,MCs,0.007221223578999566,42,3726,0.011272141706924315,0.10024135308083752,8.159511364262725e-06,0.8938813585959184
C57BL6J,DCs,0.0041839707431971735,31,3726,0.008319914117015567,0.174339460433769,6.068804953577508e-06,0.664842706233264
C57BL6J,cAMP qHSCs,0.003967024112068431,50,3726,0.013419216317767043,0.10701790974193338,5.697029366202534e-06,0.6241143767660049
C57BL6J,Cycling,0.007934048224136863,15,3726,0.004025764895330112,0.11646505439793028,3.7199652094198944e-06,0.4075253292604812
C57BL6J,Macrophages,0.010475423045930701,11,3726,0.0029522275899087494,0.11115939946741525,3.4376970167688047e-06,0.3766026104515506
C57BL6J,Mast cells,0.0026963367011715116,47,3726,0.01261406333870102,0.09535752090997447,3.2432772995243742e-06,0.3553037662892091
129S1SvImJ,LECs,0.39949172503564123,33,3726,0.008856682769726247,0.19210142057614657,0.0006796877671218858,56.99041472531824
129S1SvImJ,Cholangiocytes,0.044969937395400734,43,3726,0.011540526033279656,0.13755894849836825,7.138989371776631e-05,5.9858950638467165
129S1SvImJ,qHSCs,0.037903675695778835,50,3726,0.013419216317767043,0.1350715267665506,6.870246036356742e-05,5.7605593305717315
129S1SvImJ,Neutrophiles,0.032913903179817766,45,3726,0.012077294685990338,0.14073638454805246,5.594424800594444e-05,4.690809588725595
129S1SvImJ,aHSCs,0.02597161098369801,45,3726,0.012077294685990338,0.13800005435091453,4.3286035354240753e-05,3.6294446155753604
129S1SvImJ,"Cd207+, Trem2+ Mo-KC",0.022097563999256182,37,3726,0.009930220075147612,0.1780443556552436,3.9068927031811266e-05,3.275848797226979
129S1SvImJ,Dendrites,0.045465815409409284,22,3726,0.005904455179817499,0.1004019431403418,2.6952988915304702e-05,2.2599524232641723
129S1SvImJ,"Cx3cr1+, Ccr2+ MdM",0.05113742019463212,24,3726,0.00644122383252818,0.07607871593699665,2.505938334775042e-05,2.1011775094856553
129S1SvImJ,Timd4+ resKC,0.03898840885142255,25,3726,0.0067096081588835215,0.08804808737518081,2.3033110770057207e-05,1.9312787410581111
129S1SvImJ,Hepatocytes,0.09387590652699436,11,3726,0.0029522275899087494,0.08068790239656737,2.2362090664421212e-05,1.8750150918370057
129S1SvImJ,Transitioning Mo,0.011498171449823343,39,3726,0.010466988727858293,0.1622113445480767,1.9522334991434773e-05,1.6369074468997233
129S1SvImJ,"Ly6c2-, Spn+ Mo",0.015682142193020516,16,3726,0.0042941492216854536,0.26490680399747146,1.7839210598763126e-05,1.4957809446841033
129S1SvImJ,"Ly6c2+, Ccr2+ Mo",0.03176718527242298,27,3726,0.007246376811594203,0.07313708856781863,1.6835937991445675e-05,1.4116586097836439
129S1SvImJ,B cells,0.040476042893448215,14,3726,0.003757380568974772,0.08794810577575549,1.3375490666902308e-05,1.1215072524980285
129S1SvImJ,"Trem2+, Spp1+ MdM",0.014380462406248063,32,3726,0.008588298443370907,0.09979768470617889,1.2325383601913497e-05,1.0334579451033772
129S1SvImJ,MCs,0.007221223578999566,42,3726,0.011272141706924315,0.13884307377303506,1.1301639527816938e-05,0.9476191200169647
129S1SvImJ,"Cd207-, Trem2+ Mo-KC",0.02026901382259964,22,3726,0.005904455179817499,0.08621176043202496,1.0317606549941486e-05,0.8651099882872845
129S1SvImJ,T cells,0.03663298828488192,13,3726,0.003488996242619431,0.07835070768525489,1.001418873797637e-05,0.8396690317549012
129S1SvImJ,DCs,0.0041839707431971735,31,3726,0.008319914117015567,0.2226900390598614,7.751902000822538e-06,0.6499809637704973
129S1SvImJ,cAMP qHSCs,0.003967024112068431,50,3726,0.013419216317767043,0.1350715267665506,7.190445565442872e-06,0.6029040018913997
129S1SvImJ,Mast cells,0.0026963367011715116,47,3726,0.01261406333870102,0.13545310407006,4.606998728451484e-06,0.38628732320024367
129S1SvImJ,Macrophages,0.010475423045930701,11,3726,0.0029522275899087494,0.10840660628974273,3.3525645948593073e-06,0.28110561333699513
129S1SvImJ,Cycling,0.007934048224136863,15,3726,0.004025764895330112,0.08498982489313009,2.7146270904309242e-06,0.22761587186326276
AJ,LECs,0.39949172503564123,33,3726,0.008856682769726247,0.2218708532085587,0.0007850171245713229,54.75125318129892
AJ,Cholangiocytes,0.044969937395400734,43,3726,0.011540526033279656,0.17425691681690766,9.043528543177436e-05,6.307435919823999
AJ,qHSCs,0.037903675695778835,50,3726,0.013419216317767043,0.165422819649174,8.414026984250674e-05,5.86838818249416
AJ,Neutrophiles,0.032913903179817766,45,3726,0.012077294685990338,0.1689405232260082,6.715570078029695e-05,4.683794354164474
AJ,aHSCs,0.02597161098369801,45,3726,0.012077294685990338,0.16703199338475708,5.239239074904022e-05,3.6541228985809497
AJ,Dendrites,0.045465815409409284,22,3726,0.005904455179817499,0.17357486502031258,4.659632340310967e-05,3.249874455101204
AJ,"Cd207+, Trem2+ Mo-KC",0.022097563999256182,37,3726,0.009930220075147612,0.2071667453093711,4.545935997871257e-05,3.170576602406544
AJ,"Cx3cr1+, Ccr2+ MdM",0.05113742019463212,24,3726,0.00644122383252818,0.1276140705372936,4.2034488552740775e-05,2.931707924657411
AJ,Timd4+ resKC,0.03898840885142255,25,3726,0.0067096081588835215,0.10913342932152506,2.854897183135699e-05,1.9911565440791639
AJ,Hepatocytes,0.09387590652699436,11,3726,0.0029522275899087494,0.09522428657674696,2.6390748385282514e-05,1.8406306069763698
AJ,"Ly6c2+, Ccr2+ Mo",0.03176718527242298,27,3726,0.007246376811594203,0.1099271179070464,2.530489218127992e-05,1.7648972425911087
AJ,Transitioning Mo,0.011498171449823343,39,3726,0.010466988727858293,0.19717028884541538,2.372968697055161e-05,1.655034085972477
AJ,"Trem2+, Spp1+ MdM",0.014380462406248063,32,3726,0.008588298443370907,0.16499907491660792,2.0377996727033715e-05,1.4212694515916062
AJ,"Ly6c2-, Spn+ Mo",0.015682142193020516,16,3726,0.0042941492216854536,0.2329198699010652,1.5685163797609634e-05,1.0939664211045428
AJ,B cells,0.040476042893448215,14,3726,0.003757380568974772,0.09326658821015495,1.4184346202060451e-05,0.9892914508639467
AJ,MCs,0.007221223578999566,42,3726,0.011272141706924315,0.1553000513397021,1.2641215375005956e-05,0.8816653316884385
AJ,"Cd207-, Trem2+ Mo-KC",0.02026901382259964,22,3726,0.005904455179817499,0.1035783357061499,1.2395994578447665e-05,0.8645623341901172
AJ,T cells,0.03663298828488192,13,3726,0.003488996242619431,0.08942239654159931,1.1429287403083239e-05,0.7971390542973902
AJ,cAMP qHSCs,0.003967024112068431,50,3726,0.013419216317767043,0.165422819649174,8.806177056288523e-06,0.6141894418309506
AJ,DCs,0.0041839707431971735,31,3726,0.008319914117015567,0.24425048859191859,8.502427226700558e-06,0.5930043194903026
AJ,Mast cells,0.0026963367011715116,47,3726,0.01261406333870102,0.1606003915880222,5.462302284723869e-06,0.3809698998694037
AJ,Cycling,0.007934048224136863,15,3726,0.004025764895330112,0.11802598201105831,3.769822193948657e-06,0.2629273718099763
AJ,Macrophages,0.010475423045930701,11,3726,0.0029522275899087494,0.10762647432262425,3.3284383639791617e-06,0.23214292511655182
CASTEiJ,LECs,0.39949172503564123,33,3726,0.008856682769726247,0.1904801984628062,0.0006739516052813326,52.24541649184744
CASTEiJ,Cholangiocytes,0.044969937395400734,43,3726,0.011540526033279656,0.16621603208101138,8.626225333928745e-05,6.687137945691249
CASTEiJ,qHSCs,0.037903675695778835,50,3726,0.013419216317767043,0.1592416698405586,8.099630449397235e-05,6.278916215091758
CASTEiJ,Neutrophiles,0.032913903179817766,45,3726,0.012077294685990338,0.13237919552916708,5.262217421098031e-05,4.0793246678469925
CASTEiJ,aHSCs,0.02597161098369801,45,3726,0.012077294685990338,0.15956914363585847,5.005154255449695e-05,3.880046677428026
CASTEiJ,"Cx3cr1+, Ccr2+ MdM",0.05113742019463212,24,3726,0.00644122383252818,0.14338527245549534,4.7229326423693886e-05,3.661265601712261
CASTEiJ,"Cd207+, Trem2+ Mo-KC",0.022097563999256182,37,3726,0.009930220075147612,0.2021135131015729,4.4350510671613226e-05,3.4380968655713917
CASTEiJ,Timd4+ resKC,0.03898840885142255,25,3726,0.0067096081588835215,0.1306593301104647,3.4180081740470906e-05,2.649674831638471
CASTEiJ,Dendrites,0.045465815409409284,22,3726,0.005904455179817499,0.11640926411453106,3.125016814596933e-05,2.4225449385863405
CASTEiJ,"Ly6c2+, Ccr2+ Mo",0.03176718527242298,27,3726,0.007246376811594203,0.1132213501603989,2.6063214545936736e-05,2.020447000048948
CASTEiJ,B cells,0.040476042893448215,14,3726,0.003757380568974772,0.1566816915900001,2.3828762257597465e-05,1.8472299774606344
CASTEiJ,Transitioning Mo,0.011498171449823343,39,3726,0.010466988727858293,0.18118664261768944,2.1806035471875045e-05,1.6904261319899057
CASTEiJ,"Trem2+, Spp1+ MdM",0.014380462406248063,32,3726,0.008588298443370907,0.14564688345032722,1.7987929421746636e-05,1.39444265300445
CASTEiJ,"Cd207-, Trem2+ Mo-KC",0.02026901382259964,22,3726,0.005904455179817499,0.14264271355394118,1.7071121019805423e-05,1.3233707296982524
CASTEiJ,Hepatocytes,0.09387590652699436,11,3726,0.0029522275899087494,0.06144263405551132,1.7028398466194987e-05,1.3200588337260768
CASTEiJ,"Ly6c2-, Spn+ Mo",0.015682142193020516,16,3726,0.0042941492216854536,0.22561327523459043,1.519312705469424e-05,1.1777867202418877
CASTEiJ,MCs,0.007221223578999566,42,3726,0.011272141706924315,0.16722794041327424,1.3612129508307716e-05,1.055226176374539
CASTEiJ,DCs,0.0041839707431971735,31,3726,0.008319914117015567,0.24768965503187973,8.622145563989681e-06,0.6683975266383314
CASTEiJ,cAMP qHSCs,0.003967024112068431,50,3726,0.013419216317767043,0.1592416698405586,8.477127534937416e-06,0.657155580974444
CASTEiJ,T cells,0.03663298828488192,13,3726,0.003488996242619431,0.05781075766341415,7.388929282585071e-06,0.5727973414891088
CASTEiJ,Cycling,0.007934048224136863,15,3726,0.004025764895330112,0.1731447488545594,5.530349384734863e-06,0.4287183303470175
CASTEiJ,Mast cells,0.0026963367011715116,47,3726,0.01261406333870102,0.12852726029404601,4.371438578770111e-06,0.3388783815138129
CASTEiJ,Macrophages,0.010475423045930701,11,3726,0.0029522275899087494,0.06784025852412898,2.09801650119193e-06,0.16264038107867534
DBA2J,LECs,0.39949172503564123,33,3726,0.008856682769726247,0.3078526986134755,0.0010892356375891475,58.06325532254504
DBA2J,Cholangiocytes,0.044969937395400734,43,3726,0.011540526033279656,0.21078675005399106,0.0001093934189504676,5.831371831705502
DBA2J,qHSCs,0.037903675695778835,50,3726,0.013419216317767043,0.20494051025009227,0.00010424045407202009,5.556685707711585
DBA2J,Neutrophiles,0.032913903179817766,45,3726,0.012077294685990338,0.2153364767694941,8.559859839944694e-05,4.562955069226062
DBA2J,aHSCs,0.02597161098369801,45,3726,0.012077294685990338,0.20619857228300012,6.467764619236732e-05,3.4477339474869133
DBA2J,"Cd207+, Trem2+ Mo-KC",0.022097563999256182,37,3726,0.009930220075147612,0.2576566392724599,5.653854289258952e-05,3.013867466550286
DBA2J,"Cx3cr1+, Ccr2+ MdM",0.05113742019463212,24,3726,0.00644122383252818,0.16258586612429413,5.355376330889682e-05,2.8547595443810714
DBA2J,Dendrites,0.045465815409409284,22,3726,0.005904455179817499,0.15962507726404015,4.2851490753405795e-05,2.2842596796352455
DBA2J,"Ly6c2+, Ccr2+ Mo",0.03176718527242298,27,3726,0.007246376811594203,0.14935767671007674,3.438168831817147e-05,1.8327648107958345
DBA2J,Transitioning Mo,0.011498171449823343,39,3726,0.010466988727858293,0.26051297869870027,3.13530576664765e-05,1.6713193450596309
DBA2J,Hepatocytes,0.09387590652699436,11,3726,0.0029522275899087494,0.10753314741000654,2.9802063511263577e-05,1.5886413950090545
DBA2J,Timd4+ resKC,0.03898840885142255,25,3726,0.0067096081588835215,0.11133453409193532,2.912477411741155e-05,1.5525375202868474
DBA2J,"Ly6c2-, Spn+ Mo",0.015682142193020516,16,3726,0.0042941492216854536,0.3893490259263568,2.621933134639252e-05,1.3976587597900734
DBA2J,"Trem2+, Spp1+ MdM",0.014380462406248063,32,3726,0.008588298443370907,0.1477702971966462,1.8250178882202677e-05,0.9728517499343445
DBA2J,B cells,0.040476042893448215,14,3726,0.003757380568974772,0.11169420575712738,1.6986890092445424e-05,0.9055103437092099
DBA2J,MCs,0.007221223578999566,42,3726,0.011272141706924315,0.20572178819551562,1.67454769620288e-05,0.8926414733327133
DBA2J,"Cd207-, Trem2+ Mo-KC",0.02026901382259964,22,3726,0.005904455179817499,0.12174947368221961,1.4570670646564972e-05,0.7767103285793591
DBA2J,T cells,0.03663298828488192,13,3726,0.003488996242619431,0.1062888713987332,1.3585031333848762e-05,0.7241694227411628
DBA2J,DCs,0.0041839707431971735,31,3726,0.008319914117015567,0.36722749812305205,1.2783291024040444e-05,0.6814315148869803
DBA2J,cAMP qHSCs,0.003967024112068431,50,3726,0.013419216317767043,0.20494051025009227,1.090987581456956e-05,0.5815664518291765
DBA2J,Mast cells,0.0026963367011715116,47,3726,0.01261406333870102,0.19879467458577987,6.761357145170433e-06,0.36042376203910625
DBA2J,Cycling,0.007934048224136863,15,3726,0.004025764895330112,0.13910269523220217,4.443025330433594e-06,0.23684178635257608
DBA2J,Macrophages,0.010475423045930701,11,3726,0.0029522275899087494,0.12741095924225782,3.94029003925264e-06,0.21004276641222389
NODShiLtJ,LECs,0.39949172503564123,33,3726,0.008856682769726247,0.19795634113717506,0.000700403480055534,55.31857973188228
NODShiLtJ,Cholangiocytes,0.044969937395400734,43,3726,0.011540526033279656,0.15928237674851006,8.266384754550687e-05,6.528874815167549
NODShiLtJ,qHSCs,0.037903675695778835,50,3726,0.013419216317767043,0.15803794693915826,8.038404573817175e-05,6.348813748020998
NODShiLtJ,Neutrophiles,0.032913903179817766,45,3726,0.012077294685990338,0.1482285084336112,5.892244897430773e-05,4.653754991800677
NODShiLtJ,aHSCs,0.02597161098369801,45,3726,0.012077294685990338,0.15808486303202215,4.958597300819882e-05,3.9163506172463878
NODShiLtJ,"Cd207+, Trem2+ Mo-KC",0.022097563999256182,37,3726,0.009930220075147612,0.19445444908734164,4.266985411834742e-05,3.3701085080365836
NODShiLtJ,"Cx3cr1+, Ccr2+ MdM",0.05113742019463212,24,3726,0.00644122383252818,0.12494864441072752,4.115653031871849e-05,3.250584654067026
NODShiLtJ,Dendrites,0.045465815409409284,22,3726,0.005904455179817499,0.11367753996071489,3.0516834422193088e-05,2.4102506429792254
NODShiLtJ,Timd4+ resKC,0.03898840885142255,25,3726,0.0067096081588835215,0.09317305810125757,2.437378746101167e-05,1.9250665415354873
NODShiLtJ,"Ly6c2+, Ccr2+ Mo",0.03176718527242298,27,3726,0.007246376811594203,0.09728091294569416,2.239377380446607e-05,1.768683047665427
NODShiLtJ,Transitioning Mo,0.011498171449823343,39,3726,0.010466988727858293,0.18272793868202744,2.19915323504862e-05,1.7369136082250498
NODShiLtJ,"Trem2+, Spp1+ MdM",0.014380462406248063,32,3726,0.008588298443370907,0.1376887613220032,1.7005071870779856e-05,1.3430778842725588
NODShiLtJ,"Ly6c2-, Spn+ Mo",0.015682142193020516,16,3726,0.0042941492216854536,0.22388472082084004,1.5076723679042895e-05,1.1907749813986694
NODShiLtJ,MCs,0.007221223578999566,42,3726,0.011272141706924315,0.15835177960750185,1.2889621952894758e-05,1.0180354610152609
NODShiLtJ,Hepatocytes,0.09387590652699436,11,3726,0.0029522275899087494,0.042948204165313544,1.1902795919747099e-05,0.9400949365166571
NODShiLtJ,B cells,0.040476042893448215,14,3726,0.003757380568974772,0.07533432123935258,1.1457137157718675e-05,0.90489635389607
NODShiLtJ,"Cd207-, Trem2+ Mo-KC",0.02026901382259964,22,3726,0.005904455179817499,0.08187903399468613,9.799076752556837e-06,0.7739410555072762
NODShiLtJ,DCs,0.0041839707431971735,31,3726,0.008319914117015567,0.24609857164664434,8.566759510219371e-06,0.6766113854436533
NODShiLtJ,cAMP qHSCs,0.003967024112068431,50,3726,0.013419216317767043,0.15803794693915826,8.413048123046594e-06,0.6644711036358855
NODShiLtJ,T cells,0.03663298828488192,13,3726,0.003488996242619431,0.048580444500552974,6.2091811877134925e-06,0.49040744996726465
NODShiLtJ,Mast cells,0.0026963367011715116,47,3726,0.01261406333870102,0.14428869329592572,4.907512685722106e-06,0.3876003468298259
NODShiLtJ,Cycling,0.007934048224136863,15,3726,0.004025764895330112,0.10618393385785689,3.3915799189081943e-06,0.2678704339765671
NODShiLtJ,Macrophages,0.010475423045930701,11,3726,0.0029522275899087494,0.04676977952770997,1.4463943879480356e-06,0.11423770091363109
NZOHlLtJ,LECs,0.39949172503564123,33,3726,0.008856682769726247,0.23228133912055346,0.0008218512088948836,49.43212497756267
NZOHlLtJ,qHSCs,0.037903675695778835,50,3726,0.013419216317767043,0.169887752494631,8.641130267366125e-05,5.197405889299788
NZOHlLtJ,Cholangiocytes,0.044969937395400734,43,3726,0.011540526033279656,0.16377820852538422,8.499707963420528e-05,5.1123442026149934
NZOHlLtJ,Hepatocytes,0.09387590652699436,11,3726,0.0029522275899087494,0.28320965994033426,7.848958647480072e-05,4.720936108710902
NZOHlLtJ,"Cx3cr1+, Ccr2+ MdM",0.05113742019463212,24,3726,0.00644122383252818,0.20316567997885268,6.692024957299032e-05,4.02507181910691
NZOHlLtJ,Neutrophiles,0.032913903179817766,45,3726,0.012077294685990338,0.16433811956421834,6.532619512185988e-05,3.9291937599199236
NZOHlLtJ,Dendrites,0.045465815409409284,22,3726,0.005904455179817499,0.21076528100533737,5.6580122903870326e-05,3.4031411967998944
NZOHlLtJ,Timd4+ resKC,0.03898840885142255,25,3726,0.0067096081588835215,0.19397308118099102,5.07427656686437e-05,3.052039964280677
NZOHlLtJ,aHSCs,0.02597161098369801,45,3726,0.012077294685990338,0.1587641478278603,4.979904209593613e-05,2.995277546600375
NZOHlLtJ,"Cd207+, Trem2+ Mo-KC",0.022097563999256182,37,3726,0.009930220075147612,0.2211385109853635,4.852523584819474e-05,2.918661549745881
NZOHlLtJ,"Ly6c2+, Ccr2+ Mo",0.03176718527242298,27,3726,0.007246376811594203,0.18368558498753648,4.228386963893094e-05,2.543260271329649
NZOHlLtJ,B cells,0.040476042893448215,14,3726,0.003757380568974772,0.23373289119395843,3.554700896781228e-05,2.138056342629512
NZOHlLtJ,T cells,0.03663298828488192,13,3726,0.003488996242619431,0.25295309612597444,3.2330531801153146e-05,1.9445939499616598
NZOHlLtJ,Transitioning Mo,0.011498171449823343,39,3726,0.010466988727858293,0.21483662592802374,2.5855852384932157e-05,1.5551595138638423
NZOHlLtJ,"Trem2+, Spp1+ MdM",0.014380462406248063,32,3726,0.008588298443370907,0.194368865976341,2.4005274676267013e-05,1.4438522752963716
NZOHlLtJ,"Cd207-, Trem2+ Mo-KC",0.02026901382259964,22,3726,0.005904455179817499,0.19178022107958806,2.2951774273535824e-05,1.3804870785209764
NZOHlLtJ,"Ly6c2-, Spn+ Mo",0.015682142193020516,16,3726,0.0042941492216854536,0.30338979553468615,2.0430711383731052e-05,1.22885197170803
NZOHlLtJ,MCs,0.007221223578999566,42,3726,0.011272141706924315,0.12586254228725957,1.0245041717460742e-05,0.6162115199159324
NZOHlLtJ,cAMP qHSCs,0.003967024112068431,50,3726,0.013419216317767043,0.169887752494631,9.043864875084744e-06,0.5439639851433957
NZOHlLtJ,Macrophages,0.010475423045930701,11,3726,0.0029522275899087494,0.2766173324540383,8.55462140961406e-06,0.5145373153668523
NZOHlLtJ,DCs,0.0041839707431971735,31,3726,0.008319914117015567,0.24476223959244447,8.5202414209126e-06,0.5124694521334296
NZOHlLtJ,Cycling,0.007934048224136863,15,3726,0.004025764895330112,0.22632494909938813,7.228957570369831e-06,0.4348022247926439
NZOHlLtJ,Mast cells,0.0026963367011715116,47,3726,0.01261406333870102,0.174783396757115,5.944691280001785e-06,0.3575570846956804
PWKPhJ,LECs,0.39949172503564123,33,3726,0.008856682769726247,0.2529857299560614,0.0008951068940137089,57.748860942570076
PWKPhJ,Cholangiocytes,0.044969937395400734,43,3726,0.011540526033279656,0.20099595972609813,0.00010431222657039134,6.729824456844296
PWKPhJ,qHSCs,0.037903675695778835,50,3726,0.013419216317767043,0.18176370830581579,9.245186061306742e-05,5.96463917117829
PWKPhJ,Neutrophiles,0.032913903179817766,45,3726,0.012077294685990338,0.19332583359853703,7.684912764758222e-05,4.958010731185448
PWKPhJ,aHSCs,0.02597161098369801,45,3726,0.012077294685990338,0.19347465929916052,6.0686577131899855e-05,3.915265011708159
PWKPhJ,"Cd207+, Trem2+ Mo-KC",0.022097563999256182,37,3726,0.009930220075147612,0.24166822737254062,5.3030146933764335e-05,3.4213015244580536
PWKPhJ,Dendrites,0.045465815409409284,22,3726,0.005904455179817499,0.14012765035911454,3.76173895516904e-05,2.426929579887458
PWKPhJ,"Cx3cr1+, Ccr2+ MdM",0.05113742019463212,24,3726,0.00644122383252818,0.08612160278368931,2.836738543887098e-05,1.8301548205800748
PWKPhJ,Transitioning Mo,0.011498171449823343,39,3726,0.010466988727858293,0.22517983214798606,2.7100669985539305e-05,1.7484312018061867
PWKPhJ,Timd4+ resKC,0.03898840885142255,25,3726,0.0067096081588835215,0.09136002245720012,2.389950287329888e-05,1.5419041873735735
PWKPhJ,"Ly6c2-, Spn+ Mo",0.015682142193020516,16,3726,0.0042941492216854536,0.32193167195584765,2.16793483888285e-05,1.3986683420771573
PWKPhJ,Hepatocytes,0.09387590652699436,11,3726,0.0029522275899087494,0.06795874074638235,1.8834292091786355e-05,1.2151162305132013
PWKPhJ,"Ly6c2+, Ccr2+ Mo",0.03176718527242298,27,3726,0.007246376811594203,0.07562353543458038,1.7408310587724342e-05,1.123117377487394
PWKPhJ,"Trem2+, Spp1+ MdM",0.014380462406248063,32,3726,0.008588298443370907,0.13347863420738287,1.6485105582450723e-05,1.063555734260664
PWKPhJ,MCs,0.007221223578999566,42,3726,0.011272141706924315,0.18892750648853857,1.537844501133075e-05,0.9921582421179507
PWKPhJ,"Cd207-, Trem2+ Mo-KC",0.02026901382259964,22,3726,0.005904455179817499,0.09270820177893636,1.1095084303049809e-05,0.715812250858502
PWKPhJ,B cells,0.040476042893448215,14,3726,0.003757380568974772,0.07276231313003664,1.1065976141140695e-05,0.7139343039835252
PWKPhJ,DCs,0.0041839707431971735,31,3726,0.008319914117015567,0.2808263574379231,9.775643361944706e-06,0.6306869859997493
PWKPhJ,cAMP qHSCs,0.003967024112068431,50,3726,0.013419216317767043,0.18176370830581579,9.6760737191109e-06,0.6242631348412275
PWKPhJ,T cells,0.03663298828488192,13,3726,0.003488996242619431,0.06519585755463121,8.33283631730576e-06,0.5376026136805937
PWKPhJ,Mast cells,0.0026963367011715116,47,3726,0.01261406333870102,0.18585603048621097,6.321291062345419e-06,0.4078254351276462
PWKPhJ,Cycling,0.007934048224136863,15,3726,0.004025764895330112,0.07336654204327209,2.3433723132426946e-06,0.1511853866383567
PWKPhJ,Macrophages,0.010475423045930701,11,3726,0.0029522275899087494,0.07054490969691239,2.1816600915012076e-06,0.14075233482240213
WSBEiJ,LECs,0.39949172503564123,33,3726,0.008856682769726247,0.16506786159161146,0.0005840383997801535,56.64674883116601
WSBEiJ,Cholangiocytes,0.044969937395400734,43,3726,0.011540526033279656,0.12656416284022606,6.568385577437724e-05,6.370774390372744
WSBEiJ,qHSCs,0.037903675695778835,50,3726,0.013419216317767043,0.12307426062917928,6.260019942815584e-05,6.071685997226354
WSBEiJ,Neutrophiles,0.032913903179817766,45,3726,0.012077294685990338,0.12078782375350346,4.801447749183219e-05,4.656995238263983
WSBEiJ,aHSCs,0.02597161098369801,45,3726,0.012077294685990338,0.12428480252130719,3.898401621097971e-05,3.781117432628979
WSBEiJ,"Cd207+, Trem2+ Mo-KC",0.022097563999256182,37,3726,0.009930220075147612,0.1571256068244718,3.4478649127979603e-05,3.3441352108453106
WSBEiJ,"Cx3cr1+, Ccr2+ MdM",0.05113742019463212,24,3726,0.00644122383252818,0.08453984219253037,2.7846373161915072e-05,2.700860948450821
WSBEiJ,Dendrites,0.045465815409409284,22,3726,0.005904455179817499,0.10243962832369222,2.750000727413223e-05,2.667266408337869
WSBEiJ,Timd4+ resKC,0.03898840885142255,25,3726,0.0067096081588835215,0.07097757839676568,1.8567517752395313e-05,1.8008910286276947
WSBEiJ,Transitioning Mo,0.011498171449823343,39,3726,0.010466988727858293,0.14507117943431233,1.745949502119929e-05,1.6934222639421699
WSBEiJ,"Ly6c2+, Ccr2+ Mo",0.03176718527242298,27,3726,0.007246376811594203,0.06062606328469337,1.3955937570307933e-05,1.3536070411573151
WSBEiJ,"Trem2+, Spp1+ MdM",0.014380462406248063,32,3726,0.008588298443370907,0.107113161195976,1.322887203687061e-05,1.2830878789379727
WSBEiJ,"Ly6c2-, Spn+ Mo",0.015682142193020516,16,3726,0.0042941492216854536,0.1864002368852737,1.2552463852485538e-05,1.2174820479812591
WSBEiJ,Hepatocytes,0.09387590652699436,11,3726,0.0029522275899087494,0.04481847781838802,1.242112924797982e-05,1.2047437103016196
WSBEiJ,MCs,0.007221223578999566,42,3726,0.011272141706924315,0.12512605543987212,1.0185092678304799e-05,0.9878672138463138
WSBEiJ,B cells,0.040476042893448215,14,3726,0.003757380568974772,0.057222646766548556,8.702643121307669e-06,0.8440822371363914
WSBEiJ,"Cd207-, Trem2+ Mo-KC",0.02026901382259964,22,3726,0.005904455179817499,0.06555273955900019,7.84518691708918e-06,0.760916290766472
WSBEiJ,DCs,0.0041839707431971735,31,3726,0.008319914117015567,0.1975632875818354,6.877232815442758e-06,0.6670329897768424
WSBEiJ,cAMP qHSCs,0.003967024112068431,50,3726,0.013419216317767043,0.12307426062917928,6.551778844484014e-06,0.635466727428433
WSBEiJ,T cells,0.03663298828488192,13,3726,0.003488996242619431,0.042211662320108964,5.395172116573608e-06,0.5232857289923025
WSBEiJ,Mast cells,0.0026963367011715116,47,3726,0.01261406333870102,0.11828764771854645,4.023171313586119e-06,0.39021334040921307
WSBEiJ,Cycling,0.007934048224136863,15,3726,0.004025764895330112,0.07247978964596996,2.315048898254514e-06,0.22454001915054791
WSBEiJ,Macrophages,0.010475423045930701,11,3726,0.0029522275899087494,0.05793451344362008,1.7916730837635208e-06,0.17377702425340028
