PC1,PC2,PC3,PC4,PC5,PC6,PC7,PC8,PC9,PC10,PC11,PC12,PC13,PC14,PC15,PC16,PC17,PC18,PC19,PC20,SampleID,Group,Dataset
-6.474173408639771,5.270156132280207,-1.5329533303584915,2.3866847750213878,-1.8529910357426653,-0.0897358295373799,5.504247720041384,0.5260589829486705,-0.4569859860454462,6.000161805614108,3.1019374010761673,0.18972226605884637,-5.455477340117278,3.3128192740679117,2.301530386141844,0.6108213586488914,4.148560052150591,-1.7962349622726874,2.2175002801161816,1.8185402517511937,SCD_GSE101657_Control_SCD_0_Flux,SCD,GSE101657
-1.6169327705000933,-5.020816073689235,-9.100019248731094,9.863890944261456,-4.367790877937397,-11.392449377125974,18.55604300677663,-2.635779583558247,-6.131949960844297,-22.397137963827262,15.41569466945201,-4.395424303184573,9.599344164320028,-1.2027537188050195,1.6849324837423187,-1.2457483923588253,-6.094466513154947,0.2309891386706777,-4.091393810714013,1.8205359784825648,SCD_GSE101657_Control_SCD_1_Flux,SCD,GSE101657
-8.881738485524142,12.532633713882248,-4.080943553472281,5.706873308484708,-6.115661998439586,-2.716540961208233,3.7738972712737495,-1.3254497123993225,-3.5736836865523234,4.490142981394058,-1.7230925305348688,-1.2060925468181087,-8.45999196590713,-1.1362183282646776,-0.5245149680415817,-2.3853240902469386,1.8169355192267833,-3.9965021773105733,-4.512337922848643,-2.818670160176974,SCD_GSE101657_Control_SCD_2_Flux,SCD,GSE101657
1.238231589984033,1.9591987746973563,1.192123859282404,6.159474230116161,-1.8356811550977794,-6.077461039576226,13.62660472831436,-3.628720891325804,5.119878652915434,9.13685197345679,1.243329950144829,-0.7481419696765695,-4.318671011490734,2.8676478186974004,-2.8397049625803334,-1.42444338492384,4.049567343614686,6.276083471233627,-1.2409107842345248,-0.8148999934627913,SCD_GSE101657_Control_SCD_3_Flux,SCD,GSE101657
-0.7441685236689446,5.1759773454304145,1.5019632308675177,0.2031171012760781,1.3411379207765015,4.477156027607097,4.4845521502813765,-2.2566993048531394,-1.57206812518351,-1.192522309176294,-0.6486577579445685,-1.3543453679086757,3.1480740883039235,0.467753618680792,2.2627506013255454,1.2562151516557913,2.4116821755894824,-3.036175408196691,-1.6292965796554448,1.3247755078229608,SCD_GSE101657_Control_SCD_4_Flux,SCD,GSE101657
-0.8287092545159378,-9.31984049375258,-6.455588695054958,3.092358396399704,4.555289349372245,-2.97081405392429,-0.19703219107256242,-0.45518871182629295,0.1454798043127828,-1.3193048564441854,-0.9772842535912346,1.882135069632244,0.823707513537171,-1.3845971895360465,1.494324285905791,1.4531574012607338,1.8397855472603102,3.7608093364592405,0.9870735132741536,1.6156765878789927,SCD_GSE159090_GSM4819135_SCD_Male_Flux,SCD,GSE159090
3.442293061350864,4.208330137719574,-7.764801579303866,5.2456749511928,5.917070125694402,5.595535004026173,-5.064433514383727,4.630730177143538,-0.5738232102250195,-1.2973962651886157,3.003537581401402,-2.5290123632575274,1.4500296334196021,-1.7827323234640122,3.7498200646815607,3.0863290064704465,3.660839669982163,-4.8796127605577215,-10.830802996948474,-3.598316510354591,SCD_GSE159090_GSM4819136_SCD_Male_Flux,SCD,GSE159090
0.12592419631801885,2.8341784245281123,-7.157315170089667,3.466711919914667,3.1100789747204733,0.5957168840546244,-2.4450470658216923,1.667934570590201,-2.7676802610500544,1.0495684724438796,1.3155337416057549,-1.3011629011598962,0.5009543998691272,-2.478652970505943,0.06354440479113743,4.690816011843477,0.6194448149295251,-1.1091516474305505,-3.6600727667591024,-0.7998779507847897,SCD_GSE159090_GSM4819149_SCD_Male_Flux,SCD,GSE159090
3.2422727177747683,5.050299311755316,-5.095427070329312,1.3744737502066928,-1.1156085425026006,1.2750491213486845,0.12685635107563129,-0.04642802600537194,-1.3501285836639374,-2.675160234627308,-2.2920121208516875,2.724981543399731,3.527539616612227,-3.6479189416333058,-0.6597581320066824,0.1304164294908555,2.412046497130579,3.182261988033079,2.286028365833447,-2.532023688576823,SCD_GSE159090_GSM4819150_SCD_Male_Flux,SCD,GSE159090
2.5121404323183496,-1.3533431543920351,-10.760062241869054,2.375681826629245,8.83702501599822,-2.663471967827032,-2.585232886164424,0.16923420635149297,2.011058568945094,0.9110309558180272,-2.075923457428758,6.264213602821455,1.8467700549327948,-2.5834032527695316,2.5729459276436506,-0.09290627314292148,0.312844466200823,1.953529090887991,2.2389484656742025,3.991202927939813,SCD_GSE159090_GSM4819161_SCD_Male_Flux,SCD,GSE159090
-0.6112994772245296,7.8012681667856,-6.968488045204113,3.794212511705699,7.296165397464589,4.053201393000048,-3.342472792027302,6.494495140431261,-0.7155337549769811,1.229416084081778,3.984709200303625,1.5133584948076553,-2.1958456227416465,-0.3735251891040253,2.2483524584270302,2.5144389463290895,-1.4435407862661067,-2.5782859413757033,-2.1618187693094337,1.6215683659510345,SCD_GSE159090_GSM4819166_SCD_Male_Flux,SCD,GSE159090
1.534052174423419,4.034249289924125,-4.797518804780718,2.975540983449003,2.1328840129445656,0.049991844300253094,-1.5309883883334834,0.014097595158144979,-2.7647296844385534,-1.9458930698682007,-0.6287463063195889,3.632805850586277,1.6588618953066288,-1.863442512204189,2.107782437995435,2.132797286942841,0.9105398432064694,4.009616494972604,-0.8159082907019284,1.871484157314357,SCD_GSE159090_GSM4819171_SCD_Male_Flux,SCD,GSE159090
-0.46650779619866584,8.317247828634917,-4.971110553575271,4.291618732987217,2.6755342361754284,0.6920063492772168,-2.862452852584907,-0.5549774064058962,-2.4807526681577836,0.8754336968137428,-0.5935149202143768,-0.07965895260416962,-1.0138633703397462,-2.4531008180836453,0.7962922776652752,1.7769683189865066,-1.1217207561577323,0.523280551754975,0.5298739708883756,-0.9198463942691112,SCD_GSE159090_GSM4819179_SCD_Male_Flux,SCD,GSE159090
3.285293602917676,5.735474920056946,-6.9812529705493604,7.591004314418697,3.8093953414986115,-1.4182584337171582,3.12863233206106,-0.9151547187645671,-5.716237125864606,-3.892123206343885,-1.8819223405723877,-0.4746722088522357,1.3951683628731124,-7.180469484360305,0.2697234066240591,-1.5269554416001423,-6.981578142479012,6.838351510262595,8.186722712226729,2.760660225895175,SCD_GSE159090_GSM4819186_SCD_Male_Flux,SCD,GSE159090
1.9271995943863471,4.171271375703911,-6.7746302562141665,5.704728468745322,5.613027039335778,-1.7744999159911599,-6.50177236294714,1.2351401223979221,-3.3873056329354005,1.2330246781131096,4.041100029264738,4.458369311717567,1.2119376151043204,-0.23485348975447212,1.4925876850120081,7.653817620703365,-3.940709568805819,2.5005319909437884,4.457037232957501,2.5527586302500165,SCD_GSE159090_GSM4819194_SCD_Male_Flux,SCD,GSE159090
1.811819856790329,4.0303811215943215,-7.591049361020983,4.313636946934255,6.937320809151641,-3.8383258179314272,4.9289790280002554,-8.355977213290863,-3.1886781825960204,3.0884715472174546,-4.471072610309676,3.8214308868681655,-5.911528420526361,3.710608551172251,-3.5295219699117952,-15.45670031509459,-0.7545974186862955,-0.21111403564887002,5.042681734073682,3.6958858216424093,SCD_GSE159090_GSM4819199_SCD_Male_Flux,SCD,GSE159090
2.3063317887927766,4.685605867162333,-5.338826836336216,2.430937448765751,-0.10643455861123677,0.7446185372013199,5.41220689685314,4.220924048872277,-1.2467903612958395,-0.2963277638411227,-3.378539551206417,1.3925545674270552,-0.33009697320704096,-3.1549246013748258,-2.644920471877222,1.3497488115857155,5.040982459639136,4.81259899912857,-1.0391909163683686,-6.884144201939351,SCD_GSE159090_GSM4819200_SCD_Male_Flux,SCD,GSE159090
1.6413592043659249,0.03678334628862988,0.7121933396377245,-4.944251356377408,5.059403870452627,-3.119306118452383,2.2475976378064586,0.7580344137654706,-3.4037089635400557,-0.6456542454807221,1.171727975829482,3.682251791719882,0.8794955405600169,4.250487816246861,-0.5322838079088573,2.129733422640672,-0.4782084698837249,-3.139027213266246,-3.412493465334288,4.697833508306114,SCD_GSE160646_GSM4876390_SCD_1w_Flux,SCD,GSE160646
1.8304960918505173,0.7034072846819953,1.7108720158326556,-3.984626844606657,5.615517321866104,0.5500739652632577,-0.005377814915261095,3.866633441352421,2.756772137519007,2.517362339746247,0.8307259683907181,1.3490807667584976,9.08536651011922,-0.687965398025591,-0.19879121869622052,2.91564575241341,1.5743294611531389,3.914323340955412,3.949228523179291,0.9343105808752694,SCD_GSE160646_GSM4876394_SCD_1w_Flux,SCD,GSE160646
1.7303152235402928,2.198785587719532,-2.07511841996949,-9.199185826230677,11.339051872425122,-2.049719205532157,-4.402639441953717,-6.109553256614412,3.746623220519698,0.3305424731721785,13.731561301672684,-6.465863348569835,2.339509152239138,-3.6143275822383325,-3.9325895261243096,2.362350954515903,3.1840377870926413,-1.124170681547693,-2.4880670330702657,0.5999664057850957,SCD_GSE160646_GSM4876401_SCD_1w_Flux,SCD,GSE160646
2.501624057187419,12.523629966830345,4.377476832053072,-14.137920130677795,9.8656428171652,-5.038963833955741,5.933166227903288,4.388590046257931,-6.897202672615612,-1.6640736848179887,-7.014724984095352,8.028097970919166,-0.4162713502937588,-5.985920966886054,-1.0728773486976788,-5.44611968553085,-12.604860688396716,-10.756875838791817,-4.167571694744012,-2.7892916487012456,SCD_GSE160646_GSM4876404_SCD_1w_Flux,SCD,GSE160646
3.7126540873585623,2.3034215518661254,-0.7033071418633257,-5.204001595315161,6.070379418879713,-1.295012704864391,0.1837742571983025,-0.29293478254313515,-1.2550762088698277,-2.464132517514553,-3.441001684746717,1.8253825590442763,2.804968019361279,0.3649142543639694,-1.3859117540624744,-1.6315647148727301,-0.04261016176135423,2.4907548114457114,-0.546865095568294,7.258072566442474,SCD_GSE160646_GSM4876405_SCD_1w_Flux,SCD,GSE160646
0.38130057471266715,-2.0582277657019663,-1.2610188527934205,-5.291190975480779,10.478480486203965,-5.079130669206022,5.05827435969045,1.352925278036697,-2.7430807400582355,0.23877311272143759,1.1726542206473571,2.143221857548497,-0.9746619115275569,1.2047588091693342,-4.363705817873165,3.8148267901195276,3.389087905385746,2.427847140746039,-1.048619607899996,3.8647423751123355,SCD_GSE160646_GSM4876407_SCD_1w_Flux,SCD,GSE160646
0.808774411216387,-1.196265922995866,4.216511425485878,-7.453261169911217,12.831226443076352,-4.908875927347721,17.573576799546405,11.307219091313005,-3.094531455277692,5.554545726673131,-2.500901963587348,-3.598436936231356,-2.780222027311352,7.944838332251415,11.126655984473773,-0.8689721866007897,6.6007004876814,-0.7394531362087773,7.919585553844862,-3.6605142453755963,SCD_GSE160646_GSM4876408_SCD_1w_Flux,SCD,GSE160646
16.462817108728675,2.474353026135612,-3.7055678194563533,1.341599189853835,0.9799415467784353,-1.625659731541122,-1.2460766208801761,-4.618118380480689,-3.151772520141744,2.783982194166286,0.6014350088613206,-1.4182287230474842,2.8436053904621534,2.094284835886356,-3.581469581101358,-1.4980617128134517,-1.2919660611670636,0.19312948855996018,2.922610409908238,-1.0606188005329347,SCD_GSE188344_NCD_1_Flux,SCD,GSE188344
19.535526766172563,2.86145421843631,-2.720545988566852,1.6535204192555661,5.309723406463257,-2.938455522093972,1.6228982935329972,-9.79822061983407,-0.22997418649558432,4.760073540928214,3.9844256283771524,-2.3721522067788645,1.0532624152829886,-0.7897019799657062,-1.3420108616939797,-3.129166665531368,1.5397427239053905,-2.85157617544814,3.280321484255013,-4.249548468113485,SCD_GSE188344_NCD_2_Flux,SCD,GSE188344
23.062888984695004,-3.4399905822943104,2.29298579872263,7.667326703322218,4.8495415319725375,12.263095622579556,0.70637669240806,20.533363658505383,11.00026133213916,-1.359521900187829,5.390292913909971,1.1198344710851047,-3.435594863609596,0.22918907399791458,8.743443564609361,-4.819537652949804,-4.799490668366416,-1.8702574959466705,-8.16931114755361,0.6038278284591179,SCD_GSE188344_NCD_3_Flux,SCD,GSE188344
17.72715070231528,3.1548905196582453,3.8865003927702904,-0.3742961367137733,-6.497561276977644,0.5311438743683152,5.824327663309283,4.340888073221025,-3.2201137680538303,-2.6638100689390107,0.26648010547748,4.7220219909979715,-11.187927264649135,-3.4969948153589416,-4.133354202246132,7.507751356565747,2.935035088402382,5.2559831208262535,-1.6022860403311467,6.114481685519728,SCD_GSE188344_NCD_4_Flux,SCD,GSE188344
-3.503777909093077,0.9010463935853763,-2.5764074909925916,1.6543143294687248,0.7579804234308446,-1.5671446021175044,-0.7234221623589372,2.3920772458857584,0.6719828330494405,0.6977240007972392,1.3240476839581252,-2.9255303246584567,-0.07150834452379098,0.1274867856423121,-1.9018978480099618,1.843843098432803,-1.1725194402828234,0.868403636094277,-0.7075584863466355,-0.9901318307610737,SCD_GSE246221_Batch9_SCD_only32w_1_Flux,SCD,GSE246221
19.569073238623126,5.079874343971373,7.001163036664089,-0.6954923858395317,-0.7800571399388624,3.8475447358855166,6.01880056351501,-4.253646523283577,2.0984133390079043,-7.857061537343092,-1.755881436320243,14.375154939202334,-5.097478518328118,-9.720608860640548,4.250120375938045,-1.3039968015327232,9.442180224505348,-2.542202740375196,-1.507110092845348,-1.4816123733647673,SCD_GSE246221_Batch9_SCD_only32w_2_Flux,SCD,GSE246221
23.372498447843057,1.0318685962929075,0.4460718476954972,6.421429093175079,1.3290164112212575,-0.0812009565723943,-1.5182684628292507,-3.4730710138386973,-4.754626168866936,3.7248186767728884,0.9179896040411174,-0.958201368519495,0.9392226645827484,6.146329386920399,-0.8041347593331077,1.0731677745637567,-5.667942262532729,1.895184696557517,5.239935180066915,3.0191314064920993,SCD_GSE246221_Batch9_SCD_only32w_3_Flux,SCD,GSE246221
17.617373307456177,-0.15469947602327075,-4.470155870029186,-1.6029672889772641,1.1095246250259976,0.09806585499619684,1.2424885147589262,-3.6847051051223683,-5.365392252812223,1.6890184827082755,-2.5380720117271536,-3.957325450640321,0.40781562001815813,1.876044627168612,0.6561455449392023,-8.514339656585923,-1.8667074206603254,1.3879013863901601,0.19387392343931809,2.462797992945675,SCD_GSE246221_Batch9_SCD_only32w_4_Flux,SCD,GSE246221
14.656559967230145,9.117979027287362,10.551997039374056,9.872824701522866,-0.3619208816488555,-3.4668419885863995,-4.766062867197056,2.943907356074809,-3.7264459100412823,-0.557989248863459,-0.7851313049976293,1.2046747813808758,1.7331414475866953,3.216624178850971,-2.3536256552982775,1.3366623337527819,-5.96914841250169,0.3638256146801952,3.49669313766765,5.21300613884876,SCD_GSE248297_LFD_1_Flux,SCD,GSE248297
11.604392052682732,-0.7255978335004816,-4.572987009980086,-2.980818616678009,-1.5556089215073186,-4.896122808428369,1.1369702845184675,7.116373413908965,-1.2709176452084938,-0.2802408081729223,1.7909638958858594,8.150486827041002,-6.541162415265946,-5.33994801147809,-4.637609752291687,4.623098271903636,11.482092242407287,2.5635592011832573,1.1585840230846192,-3.0660176823609957,SCD_GSE248297_LFD_2_Flux,SCD,GSE248297
14.197090986460877,-1.1950787010760018,-17.814263642289596,-7.853011421052082,-2.994104709094686,1.1404371939589055,-5.668509867439522,4.472816607719851,-2.2280808843873268,5.175046512731132,-3.0376355413489047,-11.228584934738008,0.026092500720524433,3.0205610149018125,-1.4324562547472464,-11.409998101083804,-5.0927614055512125,-0.7900617418907058,-8.266808116237092,-0.43153028381042324,SCD_GSE248297_LFD_3_Flux,SCD,GSE248297
27.85526179532141,-0.4592973605210077,20.556301952255353,18.8114354098845,8.366658046250503,-18.573514885811296,-5.7980507442524285,-0.878182975854204,3.952395116975128,1.3788412308628564,-4.937944925131028,-2.9316966151187707,11.287404255566505,1.9196010546721625,-2.3211794983739984,2.7441511506179546,4.096451673758312,-5.057476704653584,-1.941264986896961,-5.226214048751522,SCD_GSE248297_LFD_4_Flux,SCD,GSE248297
24.888506147096173,-2.949530225465879,-18.420110615396542,-11.745738013238139,-0.8122521992457731,8.491031006894074,-1.671554653008841,-3.3132348563353777,1.568764883493765,-0.03719624834411079,-2.2584549135572827,-5.68276439282367,2.812827314865578,7.355292266087821,-1.5679869885436544,11.224622453333994,2.15236237603935,-5.005499698247635,4.274268899520409,3.007763773912325,SCD_GSE248297_LFD_5_Flux,SCD,GSE248297
0.5530021408934391,2.545696620365524,0.4300585969287347,1.2178225215232135,-2.5624571498649042,2.6847584193374407,-0.4260831333684004,1.9112628650287404,3.3927605308425477,2.3720151634833235,-1.6422338278304616,-1.1586465240346815,3.252027739443581,-1.2047757475504908,1.5502301872546698,2.9951699617463623,-1.5086472860311995,-1.1498946202486144,0.029626045822699728,-1.4007470837203904,HFD_GSE101657_HFD_0_Flux,HFD,GSE101657
-2.5339303771049684,-3.77796485440487,2.580393442493636,-5.5422716137260295,4.673940515310601,9.60616271471681,-3.2749618594839616,-1.6142754580055658,2.1492570946345895,-4.830096212950468,2.295734655609547,-5.041009461748051,1.320917975114707,-3.199518073982035,-2.525141761415034,-4.438599118319988,3.0214321462175366,3.1190102180330164,8.069876063975089,-3.155653423658136,HFD_GSE101657_HFD_1_Flux,HFD,GSE101657
-2.4859750582642772,-5.863148217713897,2.335421931279981,-0.6630055411399328,-1.2964298673005938,2.8046326750862227,-3.158847418081781,5.6266317430544355,-3.3678302129126307,1.6991551908039024,-3.155933439422919,2.4859777170252175,0.7122135618768927,-0.462387707618502,6.582077889253954,-1.4561979153201985,-10.702258962751957,0.8486558650422965,7.268567885471788,4.517515345827367,HFD_GSE101657_HFD_2_Flux,HFD,GSE101657
0.9850241497118011,-1.06257540797631,6.31901963923142,-7.724025683182111,12.177150268856389,1.2865414767841374,-5.935475537237901,-5.265658042542969,-4.764351175797761,4.617635089263567,4.147276034825204,-0.6530011266294696,-4.103353648637058,-16.362507068648675,-6.203582998639888,2.200800826865481,-8.350001386432814,2.882207284566755,-2.819164542958284,-14.868389511974456,HFD_GSE101657_HFD_3_Flux,HFD,GSE101657
-0.5318615960894961,0.9242771411926306,4.225453124415173,-0.9662796388778833,2.9434585104441733,1.9929414449204113,-6.66244000527845,1.2365972929927553,3.198258602218182,-0.029308339118116047,-2.0446753459723324,-0.4236056864400095,1.6175289737661867,0.1860806230567239,-0.8998311593637773,3.1872131220768227,0.579141118786697,1.6967203466143486,5.978669702107467,-1.2879009420472571,HFD_GSE101657_HFD_4_Flux,HFD,GSE101657
-8.31361642793728,-6.782788613357475,-14.569294771513743,-2.7429912008668254,3.698173767211424,-10.173918552392799,-0.9294528570106031,-2.2437204004056097,17.55259712503851,-4.498857656110285,-11.51448311575679,10.319660403417847,-0.34783090740364686,6.073852794620483,-3.4752072242686327,1.7546875698873394,-0.7344359182734483,-5.019904813465203,-8.561730166368294,5.446721166737136,HFD_GSE101657_HFD_5_Flux,HFD,GSE101657
-0.2881412791125424,-5.4409232359916,1.1568598501835328,-3.1111319092936616,-2.5661773411251634,-1.9925738765609404,3.6463717468647796,-0.0994733897616225,-2.0616343925738674,-2.0679563563180627,4.898454206372498,0.0006427982401609347,-0.28967575562889286,5.346647859198428,-4.68465947482034,2.0871478542642974,1.9557319113240799,-3.270275394337507,1.8641025668402729,1.4330353874941044,HFD_GSE159090_GSM4819134_HFD_Male_Flux,HFD,GSE159090
0.693401694738305,7.122057092191396,2.676765585047407,-3.6764724351127205,-4.206085441928197,-1.5761703739926374,-1.4766003376857986,-1.4745910970373919,1.4879698541262927,-2.2973542439699206,-0.5438099482803227,-2.1002192181942614,-1.6275494820732617,0.595492454503987,0.3373233192249164,-1.2920797675006992,3.3249114194638625,-2.251041862482907,0.4465521257726513,-2.538783534167941,HFD_GSE159090_GSM4819140_HFD_Male_Flux,HFD,GSE159090
-0.7960994430532493,9.754608599955704,6.252972767571341,-5.283733023221893,-8.416434631409606,1.4877889741901111,0.4433192062959459,1.4081974849062386,-1.9520531648423716,-2.965848046556878,1.9227033336852846,-2.6748139002489255,-0.760160217557685,1.8616117781440253,-1.901111681340215,2.0344351148141953,4.475172265626547,-4.6840060401704,2.2749131382645404,-4.377762545457363,HFD_GSE159090_GSM4819143_HFD_Male_Flux,HFD,GSE159090
1.6845719101006777,6.391713061966719,6.73441630019195,-1.940519633627303,-2.2077108639024843,-2.4726901559491403,4.110752408525769,-10.056186497348977,4.292093305003354,7.818958317078489,1.8853269248858389,-4.104446376724536,-4.304317608736144,4.404967945137021,-0.9496126616802044,-7.438692704714147,-0.6630801530121746,-2.808646441215235,-2.5031952191558062,0.5344994741418793,HFD_GSE159090_GSM4819146_HFD_Male_Flux,HFD,GSE159090
1.0090910478230581,2.163475515512248,7.691690125833846,-5.507770077635724,-5.041958181548394,-0.9624274769427338,4.525341566388107,2.4449084375957018,7.455141210224159,7.15540095911866,11.292184937834822,-5.4322161929350825,0.5915076151619034,-1.7287947283296237,3.910243048948505,5.169620408202618,-3.7207547151616667,-7.286228542447945,0.8216329211181731,7.294448968557702,HFD_GSE159090_GSM4819157_HFD_Male_Flux,HFD,GSE159090
0.27257541460993856,2.265703884260764,4.439012599781027,-2.6288820552932464,-3.692839630524192,-2.391152628553621,-0.18753882248611894,-2.841899619791029,3.8625858337008894,1.3108514486757603,2.4384778465988797,-5.719839695994128,0.05205151301094189,-2.3557227950477078,-0.7229988652568606,-1.3312652393850612,-0.5453680484492011,-0.5160505964065724,-0.520270750847146,3.3101701947810023,HFD_GSE159090_GSM4819163_HFD_Male_Flux,HFD,GSE159090
1.1895121974546623,-8.594847298584874,-1.9159094024615533,-2.4452507715905134,-1.116780921469397,-1.325322033183181,2.0312889529009577,1.4969729043965487,3.559687034983544,4.309421894578014,-1.279193855563976,5.209291898828791,5.043868375297109,0.8937752703200842,4.599419956050622,-2.52212222390584,2.6256086042344897,1.3124125910628623,-2.5213104348535955,-5.768466616919117,HFD_GSE159090_GSM4819167_HFD_Male_Flux,HFD,GSE159090
0.797602747078525,7.979355044475181,4.725432360993427,-5.216789180131943,-6.179421786393099,-1.0117549757437605,-1.950083702415195,0.22516912959385102,1.6317277770110272,-2.345117810809188,-6.0847286262326366,-0.5153499656694104,-0.585850579219926,0.7140449935893495,-2.887244979133221,-1.2750698090751769,-2.825453772924475,0.14625907732470145,2.635524132504602,1.1492399633671913,HFD_GSE159090_GSM4819177_HFD_Male_Flux,HFD,GSE159090
2.014764775393767,-5.530417991901692,6.883062968267924,-3.6807176572884512,-4.408636723375837,-1.9163189425289437,4.9638110889799,-0.29465887905293153,4.294177918114715,8.35428838266396,4.628834381826557,-2.656148633765932,0.01771939511605164,0.7881384850209776,1.991344824418235,-0.9662938833514326,-0.4792618967927974,1.7900700656292527,-0.4653265058961202,-2.1798011542693265,HFD_GSE159090_GSM4819184_HFD_Male_Flux,HFD,GSE159090
0.927673031688905,-31.373919623164895,4.911680040357629,1.992565263390391,-1.5425550056694775,-1.5891525532095936,0.45328280554318334,3.3255094395850766,-18.191543638298675,-6.142113203131878,-6.635146865317067,-1.3808854331963447,-8.930621657710017,6.976548788071648,-6.5770652430669685,1.661590726862318,0.39564776958380254,-12.741108917527692,-0.9924055638733059,-6.63494459195735,HFD_GSE159090_GSM4819189_HFD_Male_Flux,HFD,GSE159090
-0.40143022512507764,-6.38926601527034,3.7608147589811165,-5.245044900761039,0.3496334739426602,-5.71695061906426,0.13296878332195167,-4.234388728545348,8.890802224935449,2.5667406392472554,-0.6800659625865211,-3.1679467324891157,0.8344383158456744,0.3523376863513516,-1.7043931417413722,-1.2817072341265927,1.6937866402510535,1.160014549562106,1.003612006250273,2.973410703577349,HFD_GSE159090_GSM4819197_HFD_Male_Flux,HFD,GSE159090
0.784503917065518,-5.083803878943809,1.0475851013221675,0.15498527083225727,-5.057860330322067,1.5094004275089556,5.702787045518369,5.194246810835269,2.1061984844896395,3.2092195024425774,-2.6839723390226977,0.6584617981868085,7.413077697356765,1.76512066268866,2.4747853570859126,1.300830995619366,-3.7579302573351216,4.819041276313821,-3.803624957383631,-8.127734849946654,HFD_GSE159090_GSM4819202_HFD_Male_Flux,HFD,GSE159090
0.2016287425418252,13.547335145356278,-2.2564997251649084,2.679944604955237,-4.528355781424282,-8.395789457111965,-12.949443140108214,-4.9244521668034,3.7081960993079637,-11.002171547862487,5.767721322148008,1.4181848429968469,-13.936829485676572,15.523729881157895,14.008124749618629,0.44258018855605286,-4.465020573346222,6.744766676924672,2.975848057040794,-12.502909040703297,HFD_GSE160646_GSM4876384_HFD_1w_Flux,HFD,GSE160646
-0.8376254766412642,5.154465371303198,-5.644707902129961,6.758093911562516,-8.76401465730757,1.7487786554017908,1.1107355656102558,-0.6954862491052083,-0.4077635618633012,3.0638312014753697,-3.049790998597429,-4.891889669382456,2.958776654620077,-3.980204708038237,-1.0741535218234441,-0.18032614597935617,-2.6667252974415483,-3.644698957420465,-1.0207499663216004,-1.1799158403761048,HFD_GSE160646_GSM4876386_HFD_1w_Flux,HFD,GSE160646
-2.3185333824787633,-12.453272895901556,-4.661927723534508,9.72615391991198,-5.379558247161238,3.592347318711144,-8.10987908260366,-5.502043745253147,1.9290405820918,-0.9083907751477942,4.978873485887923,7.479196165626579,1.242360782514373,-2.491744285492825,-1.460711535599971,-1.5503189277682379,3.47752729261959,-5.354470749946187,8.652393174209273,-1.5362128610960475,HFD_GSE160646_GSM4876389_HFD_1w_Flux,HFD,GSE160646
-3.3468541682527824,4.176764782741387,-5.152288213466291,4.497123378998394,-3.9917180847067097,0.7704983662076315,-7.235066704816318,0.4450045365884488,-2.9982124063652185,-2.045524756842636,0.43872077770603607,-10.016574759554356,-2.7420025078709034,2.7302368118471905,-2.058475781443532,1.9077976801814913,4.095886571158611,-2.5202099869311563,-3.727376187633546,-0.5423989753085156,HFD_GSE160646_GSM4876393_HFD_1w_Flux,HFD,GSE160646
0.7040496416383475,-20.170354189215622,-6.294072188910916,9.89004845231031,-5.398735127120539,3.5565507859004106,8.493108507082933,2.70848041889702,3.8765073089100817,6.851530610871713,-8.525219970135316,-3.171995216867819,3.5021625737716424,-5.395978394699376,1.488546211780562,2.9997608879227067,-3.029626515477262,2.88995542504429,4.8089399706829035,-8.01900724096071,HFD_GSE160646_GSM4876396_HFD_1w_Flux,HFD,GSE160646
1.251534510052167,10.044387984921812,-1.6215311953875713,4.795310368183287,-8.09922059804173,2.9224524929687896,-2.1203402935451154,-1.303541947059237,0.30780201299374477,1.938229436034351,-3.570003701464481,-2.772761782382037,-1.8765295460944467,-4.457710798909646,-4.13535866534466,1.7017795877453827,-0.9619831807816435,2.290613276186161,-1.7444268019043447,0.25231766068480754,HFD_GSE160646_GSM4876400_HFD_1w_Flux,HFD,GSE160646
1.1351319745648003,-5.535312809610047,2.841254907477413,8.60389609076793,-9.01970107095318,-1.1275218094092903,0.05361879424516523,-2.075194344430013,-1.8083825025980267,2.751767825948377,-8.5732175169394,-9.088282999638729,-6.5138668514495635,-6.345516001256735,-1.017036755495868,0.331218753308899,3.555332147597281,10.648678080651765,-6.60901629191168,6.709657478984238,HFD_GSE160646_GSM4876406_HFD_1w_Flux,HFD,GSE160646
1.5242541580384898,-2.7440857061560875,-3.1414860013945543,8.815413932193819,-15.275064996202142,7.296176207500891,0.2767787942827511,-2.489510945580641,3.0375148291113185,5.944781728019851,11.611000552396868,13.185444311221666,6.620417068973538,-1.3581742255132394,-4.161601751922851,-6.558273463087332,0.007974428243231352,-7.919698535493811,-1.0860923202614972,-0.9861478400471523,HFD_GSE160646_GSM4876412_HFD_1w_Flux,HFD,GSE160646
-20.23624570224675,0.11203069736046378,-2.0051491742758882,-0.9202711037851191,0.4367846925049937,-2.5931997396957818,-0.45118382519939765,-1.9155473723966117,-2.7051537482588395,2.0656628409153064,-0.3875966137802002,-1.4877111366401885,2.5586151652497833,-0.6986613618318476,0.8256520675229426,1.7131230740919419,1.9627443401898454,0.14388016684558652,2.035356195058587,-0.7158204822976488,HFD_GSE188344_HFD_1_Flux,HFD,GSE188344
-16.187631164399356,-0.2886787531258422,-2.578660159883577,-1.5304779172635243,-1.6065308929471185,-3.8217875229721816,-0.7782112854881095,-1.9492299022248307,-1.6096284200419935,0.03627054986095564,-1.940044643454827,-0.5415723957546297,2.896702448793699,0.1609057133273047,-0.286756345389933,0.5754841628325522,-0.15972613885852568,-1.2399344031816675,0.7571137015483855,-1.5644836319935813,HFD_GSE188344_HFD_2_Flux,HFD,GSE188344
-14.693646377369788,-0.7948898329310041,-3.210158237983559,-2.2881198964616973,-1.7135122141548633,-4.243777862238447,-0.7701537209675522,-2.29395886027447,-0.7090113086955225,-0.6526144993062277,-3.8555840649019584,-0.15552308911927076,2.669596356796318,0.8855890850893852,0.608454668290134,0.48990496842463227,-0.1601934886632309,-1.5409518841551677,0.4284801149405552,-1.482540147049297,HFD_GSE188344_HFD_3_Flux,HFD,GSE188344
-16.947914755963758,0.40711669016893626,-2.723300987412164,-2.1933415443364352,0.09991981219942625,-3.443550881810434,-1.0869960979126867,-3.232964669840153,-1.5945969288088193,0.31903451629365165,-2.3244319923948495,-0.05937782826753261,2.7411144569079955,0.34444150819877056,-0.2182250321116057,0.44660981653933346,0.984969668811963,0.0674789634113534,1.5013071867011303,-0.8311848606093808,HFD_GSE188344_HFD_4_Flux,HFD,GSE188344
-16.364459321629955,0.2638780240811816,-3.3440521197966575,-0.9798567463396489,0.4852919735679322,-3.5786735392810654,0.8708699570343367,4.512153519571137,2.021485231107331,2.0778092353849087,1.1710357663984643,-2.3926290527282275,0.24347647157244084,1.3257382958543067,-0.032695631307527805,3.802654045450643,1.0733773423697222,0.7054814817249139,-0.037147827829450156,-3.2373560297921022,HFD_GSE246221_Batch9_HFD_only32w_1_Flux,HFD,GSE246221
-12.524408955422468,-0.9852743518100342,-3.8254106211694343,-0.3332353844078325,0.11068153549131518,-2.431633171513448,-0.7323861238033469,2.6818090294828196,0.05072866043611577,1.7752946092819577,1.0535261759688144,-1.440256701253545,1.5992709951033048,0.2304698416522631,-0.5073507634617092,1.8735906904285513,-0.862915359690866,-1.4425422241259518,-0.6852555202082513,-0.8873994577007264,HFD_GSE246221_Batch9_HFD_only32w_2_Flux,HFD,GSE246221
-15.098308162155567,-0.33086880785220324,-3.878274422478053,-0.7869041642197997,1.294571670110257,-1.8580437368312746,-0.7582687300335768,3.3232958568414714,2.4179394208291387,1.9759418331624017,1.5704143733267861,-2.3362171178045648,2.1698072790362675,-1.1819904573781983,-1.196747115476786,2.3917571603669705,0.19925324914792558,-2.146742491105878,-1.7790762531345339,-0.747121502139075,HFD_GSE246221_Batch9_HFD_only32w_3_Flux,HFD,GSE246221
-2.3974764840612814,0.03480326498944991,-5.926196849286579,-5.211168207252148,-1.0786090476125336,5.149349260474524,2.515996396234762,-2.254845050681275,-1.0062389562684075,0.5628508016010351,-0.12901763444839356,-0.05716991282855825,-1.964299812293412,0.15283444915363567,3.149847906993254,2.88008248351165,1.9020734718568688,1.376152004827363,2.41891061534848,-2.470062384793329,HFD_GSE248297_HFD_1_Flux,HFD,GSE248297
-13.938310461758652,0.7586395845912973,0.048254078076965,-2.8780165527315633,-0.4471264743571165,2.167837339081998,0.5094062248038865,0.5497519068625976,-6.528963644713979,5.070161712377713,3.1039038666272667,-0.4337482326749422,0.2724420452990409,0.7770444260504717,2.418925756606206,0.3179912435269657,1.651375516149752,2.2667016588545517,2.0723421066578247,0.6873957240545459,HFD_GSE248297_HFD_2_Flux,HFD,GSE248297
-18.277882822308595,1.1788962757152581,3.230555049207168,2.2473509731247283,-1.083310805651979,-2.8073604757836486,-3.5520344266102524,3.6262364332437613,-2.050855072786761,0.6391230562024309,1.4520011069599055,3.86258898036266,1.408871137874985,-0.29783538586309616,1.9501375233205958,-0.8041903001693018,-1.1300780202142344,0.15331361707483784,0.28964703369296624,0.7021417706339966,HFD_GSE248297_HFD_3_Flux,HFD,GSE248297
-3.8378997536787516,-1.1823639999313702,-3.8262684567989407,0.30238899367438876,-4.769687410162922,3.6232894949621777,0.038890854700388236,-0.3696570168189039,-3.3689333148541447,5.764231797445347,3.6205566857352154,8.264226577918604,-3.8602504504932447,-2.9416461039610353,3.5981758111184314,-8.957450390255609,3.6696226162153645,-2.1203832862581202,-0.5331258485151917,2.0217098747777835,HFD_GSE248297_HFD_4_Flux,HFD,GSE248297
-8.481783838691381,-0.5829203731116882,-0.1550754417800731,-0.3960349244581039,0.13017712634438264,1.7882231081465634,0.6704850215489968,0.010415424774122519,-1.797101912524135,1.345356278622795,0.035219112314315064,-0.2025826135170458,-1.8426444522700545,-0.45430878418465237,4.9738628470961155,0.3251351690841374,0.9946794449311279,1.0215624797941605,-0.3587422923341017,-0.3089322919351984,HFD_GSE248297_HFD_5_Flux,HFD,GSE248297
-4.620593500018056,-10.651288248580377,2.5635055565363585,8.706166471004934,4.8647552241463625,6.600478999444624,-4.02367409627596,7.36672646632329,2.9764599604055344,-3.32649187250789,-1.1520612149248124,-4.195363428139343,-11.471352737103686,0.15118714933294136,-2.827603558501177,0.04542290709449763,-1.6503887053321087,-3.07701426626484,6.8328795554631325,6.947381505938193,KD_GSE101657_KD_0_Flux,KD,GSE101657
-3.7827791995776727,8.931299914283395,4.309422957496943,3.6389318138468285,-4.1142358805455475,1.4993922028576125,-1.1502538027665359,2.6511980965168886,-2.379343893788581,1.8658510154130548,-4.988013170173899,-4.636030410477744,1.977194788351279,1.3252012219622735,2.1404099292255196,3.1850523478614914,-2.577106708503552,-5.191876209998131,-2.797023659197611,0.701975212645146,KD_GSE101657_KD_1_Flux,KD,GSE101657
-5.764112984121146,8.933517354104149,5.861277617656203,-0.5804974052459894,-0.32030831061386306,8.518984457251726,-1.675001258503594,0.010245248931216136,-6.448043225344248,-1.307075507004319,-1.2197226945772048,1.089755949831326,0.6950214044727261,1.6868194898751985,-3.7970815546425323,1.7147210415824146,4.105311139893696,-3.0506080404314946,-0.026952538603745683,2.2672078183919986,KD_GSE101657_KD_2_Flux,KD,GSE101657
-5.338958672710881,3.7886762162746894,7.098019537194994,3.5009119922386165,8.523395463927734,12.769279895996645,-5.3520139912026305,0.980509485673838,-4.669536806031822,-6.673121680254325,-4.830657318569583,-6.375959660920664,11.485112118562471,2.3489270680807675,6.316825205351113,-11.420872573865712,15.740846369082687,1.8485808870256843,-1.9312702806273174,2.6978969017094423,KD_GSE101657_KD_3_Flux,KD,GSE101657
-2.440574929767898,-2.7339579977497976,0.5722133911702305,2.0720749648309558,5.998827581638158,-2.4553074830791313,-5.908176297826835,-2.598218407621121,10.682723763998961,4.1108957508259785,-1.6419465531424309,1.5681750344131422,-7.701196005563008,-2.5625515028634274,-1.3222405676817564,2.4312675497928273,-1.172856131098812,-3.1401713957051447,2.1011498757682165,0.6623992614051691,KD_GSE101657_KD_4_Flux,KD,GSE101657
-0.5067908661473528,-2.755826075488618,2.3069845404432634,2.1520799565374302,-0.6316238000938186,0.7792202475975707,-5.242137854613457,0.9469831919046031,2.7225671859349885,-0.7836935809196405,-4.775063912456563,-2.0364839694494927,-3.216357509755233,1.1945280860540997,-0.6504577254230082,-0.454721432792408,-0.1978226376262051,-2.9553677926158484,1.0997382796605444,1.1690146107116586,KD_GSE101657_KD_5_Flux,KD,GSE101657
-2.4484650677909534,-2.915517813318546,7.6152234763788496,-0.8169692069385662,2.190692779353424,13.555784497569439,-1.463809713760031,-3.5501910471867797,-7.123548528143444,8.726854883546602,3.794541373878573,13.476830377695443,5.857329905723321,19.100013901908643,-8.948973107175004,3.7840001869812405,-4.3116730402711285,10.674058415185804,-8.683280406426313,-1.2253702804214337,KD_GSE101657_KD_6_Flux,KD,GSE101657
-20.007032999879158,2.0349760173203375,1.676020451759538,3.442465970824545,4.851938213698789,0.8685505164746617,-0.45478085271187246,0.024778806414386453,-1.2385093984833544,1.7043050696233282,-0.07653694462502401,2.0358839709305796,-1.231666470238589,-3.133983206343769,1.5821605032720636,-2.94476354193811,-1.7207080776973664,1.9919558586641728,-2.1157807881283466,4.389853173983379,KD_GSE248297_KD_1_Flux,KD,GSE248297
-15.715451602563766,2.191491817381032,9.539681995284928,8.448167896461387,6.172513404751335,4.9798090938631185,5.728708019957264,-5.109416656072102,5.640502560763293,-3.979045711214444,-0.7364333385931038,0.614639522612576,-2.1541746225312597,2.0755092214078723,-3.9402340604886397,1.9745919198724684,-3.3163349184297517,-1.7986674452323643,-0.6446826504276592,1.65080889923733,KD_GSE248297_KD_2_Flux,KD,GSE248297
-2.447496067986517,-1.9651435790168674,5.298114211596565,1.9239914051422724,5.31393071845411,20.715539201327086,12.70147533978204,-21.78352402111529,4.522230166211973,-6.508589688159433,-6.989528872965667,-2.779240561121382,-2.2005573233489866,-0.40918714516816107,8.041961346323616,9.041897237251696,-6.049345227451011,-3.4616522946439043,-2.6863653635043314,-0.28908297528220256,KD_GSE248297_KD_3_Flux,KD,GSE248297
-9.551282912792628,-0.4590358174387199,2.6115969353889588,0.5314162671807353,6.773073859508918,8.001726242032312,4.0078744612071615,8.456939977352608,12.875976432609656,-11.494375400597253,2.8401587996998923,-4.965981689104483,-3.8307670414196497,3.021010323717578,-17.517274414537834,-9.626806147059174,-3.278673987496059,6.232086909516508,0.8879050894658882,-5.643458057026916,KD_GSE248297_KD_4_Flux,KD,GSE248297
-30.69140552126376,2.8166330747576773,7.461489192045713,5.892821392656595,0.5601920459990845,-5.014144953950852,-3.0899988642747647,4.437860344580334,-1.3740458834456117,0.8034245357641645,0.06326942864095424,2.268815916949447,2.307210106519987,-0.37366652059462,0.18385904305866413,-0.10853252955584738,0.04624069071051585,-1.443156320406412,0.12378483176693313,2.2866068041926355,KD_GSE248297_KD_5_Flux,KD,GSE248297
2.503290513655983,0.23015608016052627,0.10297701273670624,-7.313031064445575,-7.788054454181008,-3.509868847149319,-1.613068159218679,-1.1548642486360112,5.2823251630683385,-5.646030164813751,-9.266869011793162,3.8987418772129203,4.07398229305301,-0.6099205802788975,1.443183837374292,-0.6034937503947608,-1.832820139481185,3.8878720372283695,0.10684507203833102,0.15520269040464704,WD_GSE159090_GSM4819145_WD_Male_Flux,WD,GSE159090
0.5254989859409502,-2.3911629001357624,1.9458929897303874,-4.343717878160722,-1.9396138645799974,-1.0991423445809128,-2.478871902903558,-0.6338151493828954,-1.7431783421203573,-2.7916349767803625,1.7382894935605075,1.3755222947326635,-0.37087690944646523,0.6360458546901914,1.020262932201247,-1.2447704933395785,1.298910058754547,-0.8212886686428094,-0.27186620633446207,0.27327775853803044,WD_GSE159090_GSM4819155_WD_Male_Flux,WD,GSE159090
1.6349098647199327,-6.256085197879129,4.905776719259702,-7.035067792176856,-1.8414631758652475,-3.2395166613004505,-4.235993245210244,-2.9438735496662862,2.094382070828845,-1.6205501718026885,3.0620711934810805,-1.4687914391030112,0.33858871255872663,-2.4534386738234466,0.6656776475281009,-0.7675603111370439,1.1762491888506132,-1.1155987223696466,-0.7710584714205971,1.8225984780919187,WD_GSE159090_GSM4819156_WD_Male_Flux,WD,GSE159090
3.8764984381473573,-1.6649050505695488,0.25581129679152986,-5.381163867955907,-6.440502077530901,2.977674832038401,-2.8095317456714715,0.7965916967362338,-1.0885583526168956,-4.722940383310665,2.6721979891241867,1.6291314225538789,2.050955142846926,0.6404040592000925,-4.509532605372763,-2.0837748917355072,-0.17865473700108292,3.566578660523165,2.0426895247241568,-2.2495791981701463,WD_GSE159090_GSM4819158_WD_Male_Flux,WD,GSE159090
3.693556055455458,1.3116144105883611,5.28683037355104,-6.246073554259688,-6.376487631017721,-1.5627943487087552,-3.984749189508361,2.1423588920364707,-4.136034458560989,-4.419454030595597,-1.1563803283399698,-0.6690933577434688,-0.9952567512901012,-3.2552453293529258,-4.119453015445126,3.0879155138643006,2.2355867146703274,0.6298235932670871,-5.066130210330614,6.0658779879622635,WD_GSE159090_GSM4819164_WD_Male_Flux,WD,GSE159090
0.9858278563015195,-20.002634782134546,6.3713737813667946,-5.493156196835391,-0.4723953511892083,-2.7540358337555277,-7.760825290223354,-3.793641944285197,-3.9043804120478427,2.649106637511585,3.709615553005669,-1.374946149201614,0.2444303384175987,-5.2592452345457685,5.568064830082924,-2.885988588685964,-2.76854932026717,4.172859030627403,-3.3917423332761922,5.444863803757154,WD_GSE159090_GSM4819173_WD_Male_Flux,WD,GSE159090
2.0753675809584387,3.6078546113561734,3.736590660010159,-6.606677016284388,-7.907982194336351,-1.888668605923901,6.825658828898571,7.406883568849718,1.1139518711951657,-1.783831823569005,2.9058038995399826,-2.7800207929077816,0.21848889318737136,1.5320808786811424,-4.673978987130777,3.2392143247526612,-1.890063369665566,5.871412532161373,2.9076736109598267,3.0439616793500623,WD_GSE159090_GSM4819174_WD_Male_Flux,WD,GSE159090
2.9256684792133854,2.059394058633497,3.1466994301453464,-7.893855503055003,-8.33370320847928,-1.6858149128648101,-3.3207303629046114,-0.4257486026494596,4.140326077726801,-6.293236594557895,-8.333044207209863,2.5810445166300613,6.533914150410855,1.2081180672200218,2.0115726286980578,-1.2169087048457898,0.7883792577680946,2.0344853144766857,-1.2300991837745603,-3.2901971435180863,WD_GSE159090_GSM4819181_WD_Male_Flux,WD,GSE159090
1.4674771854857145,-16.008368328207325,5.355370379333458,-2.2875351995323925,2.5972328846858956,-4.956017479341217,-4.641246013128341,-6.632974642361687,-2.674668786102757,-2.066601237384923,4.519203874714297,-0.28169139131369525,-6.460972425433125,-0.7228799721108785,8.55735692384477,-0.6665596425304342,0.7140767944650078,8.56301325089805,-10.683819042306212,1.6097333725153502,WD_GSE159090_GSM4819183_WD_Male_Flux,WD,GSE159090
4.170326187229296,2.6791214988152543,7.2809253666240075,-7.249317692083172,-10.240090221490467,1.0795229244140092,0.03796474561202953,4.427137718186177,-1.448072997399871,-0.7109236664638154,-3.845982546339924,1.51293106819161,2.3174315689230918,-3.1573510241943863,4.990270849240171,-0.80214323518558,-5.738715515960411,0.7021824777232808,2.3503991721006146,0.47086240800920065,WD_GSE159090_GSM4819192_WD_Male_Flux,WD,GSE159090
1.681964962429042,-4.721919195482234,1.7074616661940307,-4.43186663358908,-2.701913005793648,-0.6395639247418656,-2.609042596820881,-1.7837579817690943,3.6238477817094807,-3.022700285741427,2.3367708803686824,-0.13986132425697018,0.10775068884593568,-1.3502835292031266,0.7316891722922453,-2.638706877736364,1.8558394809861405,-2.3460302943647604,5.288536821204536,2.9695932567788104,WD_GSE159090_GSM4819196_WD_Male_Flux,WD,GSE159090
1.4323568508860975,-6.237496675364374,2.673610626077197,-5.351193734478032,-3.4788122113929276,1.0777924439857625,-2.253018864372691,1.3310535183507441,2.448051983047991,-2.839636846989304,5.329870276877153,1.9922535502160652,0.18778927306361856,0.19859340729552247,3.2056982029302032,-3.0544043055122776,-0.4969343546487637,-4.164949525807218,5.451813202944721,-1.1377792781935987,WD_GSE159090_GSM4819201_WD_Male_Flux,WD,GSE159090
